<?xml version="1.0" encoding="UTF-8"?>
<GenRun Id="synth_1" LaunchPart="xc7z010clg400-1" LaunchTime="1713169302" LaunchIncrCheckpoint="$PSRCDIR/utils_1/imports/synth_1/hdmi_vga_wrapper.dcp">
  <File Type="PA-TCL" Name="hdmi_vga_wrapper.tcl"/>
  <File Type="RDS-PROPCONSTRS" Name="hdmi_vga_wrapper_drc_synth.rpt"/>
  <File Type="REPORTS-TCL" Name="hdmi_vga_wrapper_reports.tcl"/>
  <File Type="RDS-RDS" Name="hdmi_vga_wrapper.vds"/>
  <File Type="RDS-UTIL" Name="hdmi_vga_wrapper_utilization_synth.rpt"/>
  <File Type="RDS-UTIL-PB" Name="hdmi_vga_wrapper_utilization_synth.pb"/>
  <File Type="RDS-DCP" Name="hdmi_vga_wrapper.dcp"/>
  <File Type="VDS-TIMINGSUMMARY" Name="hdmi_vga_wrapper_timing_summary_synth.rpt"/>
  <File Type="VDS-TIMING-PB" Name="hdmi_vga_wrapper_timing_summary_synth.pb"/>
  <FileSet Name="sources" Type="DesignSrcs" RelSrcDir="$PSRCDIR/sources_1" RelGenDir="$PGENDIR/sources_1">
    <Filter Type="Srcs"/>
    <File Path="$PSRCDIR/sources_1/ip/adder/adder.xci">
      <FileInfo>
        <Attr Name="ImportPath" Val="$PPRDIR/../YCrCb_conv/YCrCb_conv.srcs/sources_1/ip/adder/adder.xci"/>
        <Attr Name="ImportTime" Val="1713091090"/>
        <Attr Name="UsedIn" Val="synthesis"/>
        <Attr Name="UsedIn" Val="implementation"/>
        <Attr Name="UsedIn" Val="simulation"/>
      </FileInfo>
    </File>
    <File Path="$PSRCDIR/sources_1/ip/multiply/multiply.xci">
      <FileInfo>
        <Attr Name="ImportPath" Val="$PPRDIR/../YCrCb_conv/YCrCb_conv.srcs/sources_1/ip/multiply/multiply.xci"/>
        <Attr Name="ImportTime" Val="1713089856"/>
        <Attr Name="UsedIn" Val="synthesis"/>
        <Attr Name="UsedIn" Val="implementation"/>
        <Attr Name="UsedIn" Val="simulation"/>
      </FileInfo>
    </File>
    <File Path="$PSRCDIR/sources_1/ip/dist_mem_gen_0/dist_mem_gen_0.xci">
      <FileInfo>
        <Attr Name="ImportPath" Val="$PPRDIR/../../lab05/LUTsss/LUTsss.srcs/sources_1/ip/dist_mem_gen_0/dist_mem_gen_0.xci"/>
        <Attr Name="ImportTime" Val="1712652148"/>
        <Attr Name="UsedIn" Val="synthesis"/>
        <Attr Name="UsedIn" Val="implementation"/>
        <Attr Name="UsedIn" Val="simulation"/>
      </FileInfo>
    </File>
    <File Path="$PSRCDIR/sources_1/new/LUTs.v">
      <FileInfo>
        <Attr Name="UsedIn" Val="synthesis"/>
        <Attr Name="UsedIn" Val="implementation"/>
        <Attr Name="UsedIn" Val="simulation"/>
      </FileInfo>
    </File>
    <File Path="$PSRCDIR/sources_1/new/YCrCb_module.v">
      <FileInfo>
        <Attr Name="ImportPath" Val="$PPRDIR/../YCrCb_conv/YCrCb_conv.srcs/sources_1/new/YCrCb_module.v"/>
        <Attr Name="ImportTime" Val="1713100146"/>
        <Attr Name="UsedIn" Val="synthesis"/>
        <Attr Name="UsedIn" Val="implementation"/>
        <Attr Name="UsedIn" Val="simulation"/>
      </FileInfo>
    </File>
    <File Path="$PSRCDIR/sources_1/new/YCrCb_submod.v">
      <FileInfo>
        <Attr Name="ImportPath" Val="$PPRDIR/../YCrCb_conv/YCrCb_conv.srcs/sources_1/new/YCrCb_submod.v"/>
        <Attr Name="ImportTime" Val="1713101492"/>
        <Attr Name="UsedIn" Val="synthesis"/>
        <Attr Name="UsedIn" Val="implementation"/>
        <Attr Name="UsedIn" Val="simulation"/>
      </FileInfo>
    </File>
    <File Path="$PSRCDIR/sources_1/imports/new/delay_line.v">
      <FileInfo>
        <Attr Name="ImportPath" Val="$PPRDIR/../../lab04/mac_tree/mac_tree.srcs/sources_1/imports/new/delay_line.v"/>
        <Attr Name="ImportTime" Val="1711309382"/>
        <Attr Name="UsedIn" Val="synthesis"/>
        <Attr Name="UsedIn" Val="implementation"/>
        <Attr Name="UsedIn" Val="simulation"/>
      </FileInfo>
    </File>
    <File Path="$PSRCDIR/sources_1/imports/new/register.v">
      <FileInfo>
        <Attr Name="ImportPath" Val="$PPRDIR/../../lab04/mac_tree/mac_tree.srcs/sources_1/imports/new/register.v"/>
        <Attr Name="ImportTime" Val="1711308920"/>
        <Attr Name="UsedIn" Val="synthesis"/>
        <Attr Name="UsedIn" Val="implementation"/>
        <Attr Name="UsedIn" Val="simulation"/>
      </FileInfo>
    </File>
    <File Path="$PSRCDIR/sources_1/new/tresholding.v">
      <FileInfo>
        <Attr Name="UsedIn" Val="synthesis"/>
        <Attr Name="UsedIn" Val="implementation"/>
        <Attr Name="UsedIn" Val="simulation"/>
      </FileInfo>
    </File>
    <File Path="$PSRCDIR/sources_1/new/vp.v">
      <FileInfo>
        <Attr Name="ImportPath" Val="$PPRDIR/../../lab05/hdmi_vga_zybo/hdmi_vga_zybo.srcs/sources_1/new/vp.v"/>
        <Attr Name="ImportTime" Val="1711359976"/>
        <Attr Name="UsedIn" Val="synthesis"/>
        <Attr Name="UsedIn" Val="implementation"/>
        <Attr Name="UsedIn" Val="simulation"/>
      </FileInfo>
    </File>
    <File Path="$PSRCDIR/sources_1/bd/hdmi_vga/hdmi_vga.bd">
      <FileInfo>
        <Attr Name="ImportPath" Val="$PPRDIR/../../lab05/hdmi_vga_zybo/hdmi_vga_zybo.srcs/sources_1/bd/hdmi_vga/hdmi_vga.bd"/>
        <Attr Name="ImportTime" Val="1712570877"/>
        <Attr Name="UsedIn" Val="synthesis"/>
        <Attr Name="UsedIn" Val="implementation"/>
        <Attr Name="UsedIn" Val="simulation"/>
      </FileInfo>
    </File>
    <File Path="$PGENDIR/sources_1/bd/hdmi_vga/hdl/hdmi_vga_wrapper.v">
      <FileInfo>
        <Attr Name="UsedIn" Val="synthesis"/>
        <Attr Name="UsedIn" Val="implementation"/>
        <Attr Name="UsedIn" Val="simulation"/>
      </FileInfo>
    </File>
    <File Path="$PSRCDIR/sources_1/imports/tb_src/hdmi_axis_out.v">
      <FileInfo>
        <Attr Name="AutoDisabled" Val="1"/>
        <Attr Name="ImportPath" Val="$PPRDIR/../../../../../Downloads/hdmi_vga_zybo_src/hdmi_vga_zybo_src/tb_src/hdmi_axis_out.v"/>
        <Attr Name="ImportTime" Val="1711358292"/>
        <Attr Name="UsedIn" Val="synthesis"/>
        <Attr Name="UsedIn" Val="implementation"/>
        <Attr Name="UsedIn" Val="simulation"/>
      </FileInfo>
    </File>
    <File Path="$PSRCDIR/sources_1/imports/LUTsss/lut.coe">
      <FileInfo>
        <Attr Name="ImportPath" Val="$PPRDIR/../../lab05/LUTsss/lut.coe"/>
        <Attr Name="ImportTime" Val="1712653754"/>
        <Attr Name="UsedIn" Val="synthesis"/>
        <Attr Name="UsedIn" Val="simulation"/>
      </FileInfo>
    </File>
    <File Path="$PPRDIR/../../lab05/LUTsss/lut.coe">
      <FileInfo>
        <Attr Name="UsedIn" Val="synthesis"/>
        <Attr Name="UsedIn" Val="simulation"/>
      </FileInfo>
    </File>
    <File Path="$PPRDIR/lut.coe">
      <FileInfo>
        <Attr Name="UsedIn" Val="synthesis"/>
        <Attr Name="UsedIn" Val="simulation"/>
      </FileInfo>
    </File>
    <Config>
      <Option Name="DesignMode" Val="RTL"/>
      <Option Name="TopModule" Val="hdmi_vga_wrapper"/>
    </Config>
  </FileSet>
  <FileSet Name="constrs_in" Type="Constrs" RelSrcDir="$PSRCDIR/constrs_1">
    <Filter Type="Constrs"/>
    <File Path="$PSRCDIR/constrs_1/imports/hdmi_vga_zybo_src/Zybo_HDMI.xdc">
      <FileInfo>
        <Attr Name="ImportPath" Val="$PPRDIR/../../../../../Downloads/hdmi_vga_zybo_src/hdmi_vga_zybo_src/Zybo_HDMI.xdc"/>
        <Attr Name="ImportTime" Val="1711358292"/>
        <Attr Name="UsedIn" Val="synthesis"/>
        <Attr Name="UsedIn" Val="implementation"/>
      </FileInfo>
    </File>
    <Config>
      <Option Name="ConstrsType" Val="XDC"/>
    </Config>
  </FileSet>
  <FileSet Name="utils" Type="Utils" RelSrcDir="$PSRCDIR/utils_1">
    <Filter Type="Utils"/>
    <File Path="$PSRCDIR/utils_1/imports/synth_1/hdmi_vga_wrapper.dcp">
      <FileInfo>
        <Attr Name="ImportPath" Val="$PPRDIR/../../lab05/hdmi_vga_zybo/hdmi_vga_zybo.srcs/utils_1/imports/synth_1/hdmi_vga_wrapper.dcp"/>
        <Attr Name="ImportTime" Val="1712565455"/>
        <Attr Name="UsedIn" Val="synthesis"/>
        <Attr Name="UsedIn" Val="implementation"/>
        <Attr Name="UsedInSteps" Val="synth_1"/>
        <Attr Name="AutoDcp" Val="1"/>
      </FileInfo>
    </File>
    <Config>
      <Option Name="TopAutoSet" Val="TRUE"/>
    </Config>
  </FileSet>
  <Strategy Version="1" Minor="2">
    <StratHandle Name="Vivado Synthesis Defaults" Flow="Vivado Synthesis 2022"/>
    <Step Id="synth_design"/>
  </Strategy>
  <BlockFileSet Type="BlockSrcs" Name="hdmi_vga_dvi2rgb_0_0"/>
  <BlockFileSet Type="BlockSrcs" Name="hdmi_vga_clk_wiz_0_0"/>
  <BlockFileSet Type="BlockSrcs" Name="hdmi_vga_rgb2vga_0_0"/>
  <BlockFileSet Type="BlockSrcs" Name="hdmi_vga_vp_0_0"/>
</GenRun>
